<annotation>
	<folder>TRAIN</folder>
	<filename>ia_100005916.jpg</filename>
	<path>E:\DEV_COLLECTION\RC DL	test images\ODOMETER\Digital\TRAIN\ia_100005916.jpg</path>
	<source>
		<database>Unknown</database>
	</source>
	<size>
		<width>269</width>
		<height>187</height>
		<depth>3</depth>
	</size>
	<segmented>0</segmented>
	<object>
		<name>Digital_Meter</name>
		<pose>Unspecified</pose>
		<truncated>0</truncated>
		<difficult>0</difficult>
		<bndbox>
			<xmin>109</xmin>
			<ymin>141</ymin>
			<xmax>162</xmax>
			<ymax>161</ymax>
		</bndbox>
	</object>
</annotation>
