<annotation>
	<folder>TRAIN</folder>
	<filename>ia_100004519.jpg</filename>
	<path>E:\DEV_COLLECTION\RC DL	test images\ODOMETER\Digital\TRAIN\ia_100004519.jpg</path>
	<source>
		<database>Unknown</database>
	</source>
	<size>
		<width>377</width>
		<height>133</height>
		<depth>3</depth>
	</size>
	<segmented>0</segmented>
	<object>
		<name>Digital_Meter</name>
		<pose>Unspecified</pose>
		<truncated>1</truncated>
		<difficult>0</difficult>
		<bndbox>
			<xmin>155</xmin>
			<ymin>1</ymin>
			<xmax>233</xmax>
			<ymax>14</ymax>
		</bndbox>
	</object>
</annotation>
