<annotation>
	<folder>TRAIN</folder>
	<filename>ia_100000198.jpg</filename>
	<path>E:\DEV_COLLECTION\RC DL	test images\ODOMETER\Digital\TRAIN\ia_100000198.jpg</path>
	<source>
		<database>Unknown</database>
	</source>
	<size>
		<width>307</width>
		<height>164</height>
		<depth>3</depth>
	</size>
	<segmented>0</segmented>
	<object>
		<name>Digital_Meter</name>
		<pose>Unspecified</pose>
		<truncated>0</truncated>
		<difficult>0</difficult>
		<bndbox>
			<xmin>138</xmin>
			<ymin>98</ymin>
			<xmax>177</xmax>
			<ymax>123</ymax>
		</bndbox>
	</object>
</annotation>
