<annotation>
	<folder>TRAIN</folder>
	<filename>ia_100000229.jpg</filename>
	<path>E:\DEV_COLLECTION\RC DL	test images\ODOMETER\Digital\TRAIN\ia_100000229.jpg</path>
	<source>
		<database>Unknown</database>
	</source>
	<size>
		<width>338</width>
		<height>149</height>
		<depth>3</depth>
	</size>
	<segmented>0</segmented>
	<object>
		<name>Digital_Meter</name>
		<pose>Unspecified</pose>
		<truncated>0</truncated>
		<difficult>0</difficult>
		<bndbox>
			<xmin>243</xmin>
			<ymin>84</ymin>
			<xmax>293</xmax>
			<ymax>116</ymax>
		</bndbox>
	</object>
	<object>
		<name>Digital_Meter</name>
		<pose>Unspecified</pose>
		<truncated>0</truncated>
		<difficult>0</difficult>
		<bndbox>
			<xmin>139</xmin>
			<ymin>70</ymin>
			<xmax>196</xmax>
			<ymax>123</ymax>
		</bndbox>
	</object>
</annotation>
