<annotation>
	<folder>TRAIN</folder>
	<filename>ia_100000111.jpg</filename>
	<path>E:\DEV_COLLECTION\RC DL	test images\ODOMETER\Digital\TRAIN\ia_100000111.jpg</path>
	<source>
		<database>Unknown</database>
	</source>
	<size>
		<width>259</width>
		<height>194</height>
		<depth>3</depth>
	</size>
	<segmented>0</segmented>
	<object>
		<name>Digital_Meter</name>
		<pose>Unspecified</pose>
		<truncated>0</truncated>
		<difficult>0</difficult>
		<bndbox>
			<xmin>77</xmin>
			<ymin>129</ymin>
			<xmax>185</xmax>
			<ymax>149</ymax>
		</bndbox>
	</object>
</annotation>
